{"epoch":90,"_timestamp":1.7445728940066571e+09,"lr":0.0008414320767784337,"_runtime":11920.559655823,"train/loss_dice":0.2826835513114929,"iteration":4914,"val/dice":0.8944007754325867,"train/total_loss":0.31731441617012024,"train/loss_ce":0.034630872309207916,"val/loss":0.19780140849096434,"_wandb":{"runtime":11920},"_step":136}