{"train_class_0_accuracy":99.70171513795675,"test_class_1_accuracy":99.74358974358975,"val_class_1_accuracy":100,"train_loss":0.008421503811963245,"test_loss":0.7560510752296977,"_step":79,"_runtime":3120.473086788,"_timestamp":1.7392312199645004e+09,"val_loss":0.11836719512939453,"train_accuracy":0.9986579754601227,"test_accuracy":0.8285256410256411,"val_class_0_accuracy":87.5,"train_class_1_accuracy":99.92258064516129,"_wandb":{"runtime":3121},"val_accuracy":0.9375,"test_class_0_accuracy":54.700854700854705}