{"train_class_0_accuracy":96.5697240865026,"test_class_1_accuracy":100,"val_accuracy":0.625,"train_loss":0.0470568178352997,"test_accuracy":0.7067307692307693,"_wandb":{"runtime":3976},"train_class_1_accuracy":98.89032258064516,"test_class_0_accuracy":21.794871794871796,"test_loss":1.0695275713718728,"val_class_1_accuracy":100,"val_loss":1.24262273311615,"_timestamp":1.7392322269475703e+09,"train_accuracy":0.9829371165644172,"val_class_0_accuracy":25,"_step":79,"_runtime":3975.592542602}