{"train/loss_dice":0.06263454258441925,"lr":0.0008267388415959749,"iteration":5346,"_timestamp":1.7445369886253881e+09,"val/loss":0.21875920359577453,"epoch":98,"_runtime":13700.240005936,"val/dice":0.8858548998832703,"train/loss_ce":0.10749035328626633,"train/total_loss":0.17012488842010498,"_wandb":{"runtime":13700},"_step":148}