{"train/loss_ce":0.03133703023195267,"val/dice":0.8818804025650024,"_wandb":{"runtime":19222},"train/loss_dice":0.06979930400848389,"lr":0.0007379452547624391,"_runtime":19222.433057336,"_timestamp":1.7445801946439943e+09,"train/total_loss":0.10113633424043655,"_step":220,"val/loss":0.21258810375417983,"epoch":146,"iteration":7938}