{"lr":0.00079726450264895,"epoch":114,"train/total_loss":0.2608932554721832,"val/dice":0.8702870011329651,"_step":172,"train/loss_dice":0.07628707587718964,"val/loss":0.22348411594118392,"_wandb":{"runtime":14934},"_runtime":14934.163040093,"train/loss_ce":0.1846061795949936,"iteration":6210,"_timestamp":1.7445759063741622e+09}